{
    "Environment": {
        "EDA Framework": [
            "Kafka",
            "RabbitMQ"
        ],
        "AI Frameworks": [
            "OpenCV",
            "ONNX",
            "NVIDIA Triton"
        ],
        "Communication": [
            "gRPC with Protobuf",
            "Quiche/HTTP3"
        ]
    },
    "Databases": {
        "Time-Series": "InfluxDB",
        "Transactional": "Cloudflare D1/PostgreSQL",
        "Immutable Storage": "immudb with IPFS"
    },
    "Security": {
        "Zero Trust": "Cloudflare Zero Trust",
        "Quantum-Safe Encryption": [
            "QKD",
            "PQC"
        ]
    },
    "Performance Optimization": {
        "Caching": "Redis",
        "Edge Compute": "Cloudflare Workers"
    },
    "Storage": "IPFS Cluster",
    "Compliance": [
        "ISO 27001/27701",
        "GDPR",
        "DARPA-aligned"
    ],
    "Automation": "Fully AI-driven CI/CD pipelines"
}